"BehaviorSpace results (NetLogo 6.4.0)","Spreadsheet version 2.0"
"Actual.nlogo"
"stagnent"
"03/29/2024 22:12:59:141 +0800"
"min-pxcor","max-pxcor","min-pycor","max-pycor"
"-100","100","-75","75"
"[run number]","1","1"
"density_of_hdb_blocks","1",
"inflation","0",
"prob_of_first_timer","0.5",
"prob_seller_selling","0.01",
"income_growth","0",
"number_of_buyers","100",
"paint-hdb-as","selling",
"[reporter]","[step]","total_houses_sold_average"
"[final]","50","338275.75221118185"
"[min]","0","0"
"[max]","50","412288.04577303963"
"[mean]","25","340355.04548228194"
"[total steps]","50","50"

"[all run data]","[step]","total_houses_sold_average"
,"0","0"
,"1","412288.04577303963"
,"2","389369.03414593206"
,"3","379835.8269673549"
,"4","374483.907845187"
,"5","374134.55631086754"
,"6","373303.59507875994"
,"7","369869.44525371253"
,"8","365224.19667263125"
,"9","359434.1063662763"
,"10","354310.10319023323"
,"11","352632.32620673697"
,"12","350839.3369902517"
,"13","347086.61250845843"
,"14","344929.213892368"
,"15","342351.7760690871"
,"16","341618.0552908309"
,"17","341543.9727186912"
,"18","340217.2954901109"
,"19","340171.83562445757"
,"20","340973.24792296323"
,"21","340720.43473170686"
,"22","339554.2518915126"
,"23","340055.1252581354"
,"24","339969.8665195453"
,"25","339976.19552363665"
,"26","338976.2557535721"
,"27","338834.7991044512"
,"28","337978.1619325436"
,"29","337956.6537264029"
,"30","338383.82641651493"
,"31","338257.44859609"
,"32","338731.2041478207"
,"33","339070.2852555046"
,"34","339060.416595686"
,"35","339473.910793022"
,"36","339477.43122871045"
,"37","339465.611053677"
,"38","339079.7812702643"
,"39","338728.4572229787"
,"40","338518.6693765965"
,"41","338418.2108996272"
,"42","338205.01802592515"
,"43","338314.39451815095"
,"44","337955.7645121163"
,"45","337945.45168404235"
,"46","337770.0919714957"
,"47","338054.632355576"
,"48","338176.65904296085"
,"49","338106.06765897846"
,"50","338275.75221118185"
